comment,true_label,predicted_label
"The Uranusians who, with all their technology and advanced societal structure, didn‚Äôt think it was cool as they were unable to deter the path of the planet sized object that impacted their home world causing the tilt. 

They had detected the object 200 years before impact. Calculated its trajectory. They knew impact was likely. 

They dedicated 2 generations (Uranusian life span is some 150 years) of their top scientific and engineering minds to prevent the problem. 

Futile effort after futile effort, the object arrived. 

As a last ditch attempt to preserve something of their people, they loaded a small spacecraft with a few people, supplies, and information regarding their society. 

They shot the spacecraft toward Sol, hoping one of the inner planets would prove hospitable enough. 

The craft reached Earth, but only after being hyper accelerated by the gravity of Jupiter. Like a rock in a sling, Jupiter whirled the craft around and shot it out directly at earth with amazing velocity. 

This craft came crashing down to Earth in the area that is now known as the Yucat√°n peninsula. 

And that‚Äôs why we don‚Äôt have dinosaurs. 

So I‚Äôd say it‚Äôs pretty un-cool.",0,0
https://www.facebook.com/100036607688599/videos/553635095834527/?refid=18&amp;__tn__=R,0,0
Right all the republicans arent complaining. This is totally the truth because this guy said so. Let's blame reddit too. Everyone on Twitter and Facebook is super happy.,1,0
They literally say that they will engage in violence in the police ask - and will open fire if the police run. Check out the last 50 seconds of [this](https://m.facebook.com/story.php?story_fbid=3162806573778976&amp;id=1318988724858579&amp;anchor_composer=false),0,0
"&gt;Outside of being in a similar colored shirt and he was originally described as having basketball shorts with no specific color.  And he was a black male as was told to them by the victim, on foot in  the area. **You act like they just stopped him for no fucking reason at  all.**

That's a lie. He matched an initial description and that's fair. Ometu is right to be upset because he doesn't know what's going and probably doesn't want any involvement.

If you watched the video that's *available on this sub* you'd hear that the police later get a correct description which Ometu does not match and they proceed to attempt to move Ometu to the victim's location...

&gt;If you gave a shit about the woman‚Äôs safety, you wouldn‚Äôt be cheering on  a total piece of shit that wasted the cops time when HE FUCKING HEARD  HER on the phone with the cop trying to figure out if he was the  boyfriend or not.

You need to watch the video and watch the part where the police officer gets a clear description FROM THE VICTIM that clears Ometu of any involvement with her.

Then proceed to watch how the cop elects to ignore this CORRECT description.

&amp;#x200B;

Here you go: [https://youtu.be/O79AmjbLMyU?t=1500](https://youtu.be/O79AmjbLMyU?t=1500)

&amp;#x200B;

""How short is his beard? It's real short?""

&amp;#x200B;

...

&amp;#x200B;

Cop with bodycam lied to officer with the victim about Ometu's beard.... And then kept working like he didn't just get a huge revelation on who they were supposed to be looking for.

You can't defend that shit.

&amp;#x200B;

&amp;#x200B;

&amp;#x200B;

...Yeah, no, fire that officer or suspend without pay for a long ass time.",0,0
I love Cactus Land's hefenweizen. op they are open every other weekend and the post what they are going to have on tap on their facebook. I always go after fishing. Nice place to relax.   Also they have a different food truck everytime.,0,0
Thank you! I will look into them. I found one on Broadway through Google.,0,0
"Call the retention line. I just did this a couple weeks ago for my in-laws. Their average bill was around $190 for 100Mbps, phone, and TV select package. I called their retention line and told them new customers are getting better deals and asked if they could match. They gave us 400Mbps, phone, and TV select with 2 receivers for $87/month",0,0
"That‚Äôs funny. Some 50something year old guy almost hit me twice today because he was too busy on his phone. Stupid isnt* limited to those under 20, it can apply to anyone at any age.",0,0
"My MIL owns Hunters Dog Rescue in Seguin, and may be able to help. They can get her spayed and make sure she‚Äôs got all necessary shots etc before finding her a forever home. I can pm you the number if you‚Äôre interested. They‚Äôre also on Facebook.",0,0
I will share this on my facebook and IG. I'm so sorry! I hope she comes home soon.,0,0
Install a white noise app on your phone!,0,0
"So you're saying it's what he didn't say rather than what he did say? At least that makes sense. But if that's the truth then our society is breaking down more and more everyday. Why do you feel the need for gratification and support from a man you don't know and will never meet? I still stand behind my statement that people are looking for things to get offended about, and it's a damn shame. That's like saying it's my birthday and I get a phone call telling me I should eat cake. Sure it may be unconventional, but I'm sure as hell not gonna get upset over something so petty. The fact that they took the time out to even call is better than what most people do. I realize it's his job, but be grateful he even talked about it. I personally believe women's day, black history month, Hispanic heritage, and the lot are very sorry holidays. It's saying ""we were mistreated so now recognize us"" well maybe it would go a lot more smoothly if instead of boasting about it you fight for true equality. Don't expect men to open doors for you or not hit you when you swing first. I was raised a gentleman of Texas quality, but after experiencing life and the equality fights, it's only fair to have TRUE equality or none at all. That being said, you don't need a holiday to stamp your mark on history ""you know it, I know it, everybody knows it"" therefore it can only be used as a medium to attract sorrow and attention. I'd like to hear your take rather than massive down votes this time, because that action goes hand in hand with what I'm saying right now. ",1,0
"I was under the impression Mayor Castro was aggressive toward courting Google.   Since he bailed to be on the President's Cabinet..../shrug.

I would think they would need a city administration willing to allow use or lease? the existing city fiber network; currently seeing little use.

That existing fiber network was conceived by and installed for CPS.  CPS is an entity of the City of San Antonio; and thus that network is publicly owned.

Little of this would affect *residential* services; but would bring Google Fiber / the rest of the net, etc to Agencies, libraries, schools, other public entities.   So I would think it would help Google's footprint or allow these agencies to fully utilize speeds offered by Google.

Other companies likely lobbied against municipal entities offering broadband services thus that network is mostly dark.

Also; bear in mind that Austin is just now getting widespread installs of the Google Service.  This is 2+ years after Google finalized that Austin would get the service.   They had to build out the ""huts"" and other infrastructure.


",1,0
"A quick weekend trip requires months of planning?  A simple google search about average monthly temperature would give OP all the information they need, but people want everyone else to do their work for them.",0,0
"The thing to keep in mind is that we are amateurs, me (bass) has never played in front of people ever and I am teaching myself how to play with a computer program. One of the guys that came one week was someone that plays in another band and we felt really lacking compared to him. ",0,0
"You found the smaller one. 

Continental Tire has a testing center outside Uvalde that is much bigger. 

Continental Tire Uvalde Proving Grounds
(830) 591-7000
https://maps.google.com/?cid=17498279565676979506&amp;entry=gps",0,0
Join the movement. SART - San Antonians for Rail Transit. https://www.facebook.com/groups/2539887962847015,0,0
Is there any way that you can tell me what it means when Alorica says they only pay you for phone calls?,0,0
"Welcome to SA reddit. This is why we are all in the facebook group 

/u/sk33t  You built this shit hole with /u/excoriator",0,0
"Exactly! Besides Democrats don‚Äôt vote in Texas, wish they would but, nah. Meanwhile the religious right votes like they‚Äôre going to hell unless they vote straight r.",1,0
"Then why are we falling behind Phoenix for the past decade? It‚Äôs one of the fastest growing metropolitans and has started to redefine itself as a tech hub. All this without Sheryl. In fact, we have gone backwards in regards to technology. We are only getting fiber built out in the city while other cities are surpassing us. I love San Antonio but you have turned the Fireman‚Äôs Union into a boogeyman and scapegoat for all the cities woes. Maybe new blood will reinvigorate the city managers office. ",1,0
"Obviously I'm gonna be a bit biased, but I honestly think people would enjoy it regardless of if they're into anime or not. We market as an anime convention, sure, but that's not what we're all about.

This year our theme is Fantasy/RPG, so we've got this big ticket Final Fantasy concert and related. There are a lot of people coming out for that who are interested in the franchise and/or orchestral music (https://ffnewworld.com/concert/sanjapan/). 

Speaking of music, there are a lot of people who come out for our musical guests. Entrance to Teddyloid's set and the ALL OFF concert are both included with the badge you purchase. Give 'em a listen, if you're into that.

We've got a lot of gaming content, as well! Video, board, table top, card, whatever, you name it. Not only do we have free play areas where you can enjoy things with friends (or make new ones), we've got scheduled tournaments as well. And we even have this neat retro game museum that people are free to peruse and even play a few consoles in.

Plus, I know a lot of people who go just to participate in fandom meetups/panels (which again, aren't just restricted to anime fandoms). If you're really curious, I'd suggest taking a quick peek at the schedule (http://san-japan.org/events/schedule) to see if there are things there you might be interested in. Note that doesn't contain our gaming schedules, or the stuff that's open regularly like karaoke or the retro game museum. 

Also, there are also a lot of people who go just to enjoy/interact with/take pictures of the really awesome cosplays we get. I don't always know the fandoms, but we can all appreciate a well made cosplay. The cosplay show is wildly popular.

I know literally the most basic of basics about anime. Like, Dragon Ball Z and Sailor Moon are about as far as I ever really got. But I have a sincerely awesome experience at SJ every time, which is part of the reason why I've been helping to run it for the past few years. I could literally go on and on about all the content we have at San Japan (that's my job at the con, I manage/coordinate most of the programming that goes on), but these are some of the highlights. Hope this helped to answer your question (even if it was a little bit lengthy)!",0,0
[Feels a bit like people are putting these up and taking photos because many of the signs are identically worded...](https://www.google.com/search?q=we+are+short+staffed+at+restaurant+signs&amp;tbm=isch&amp;ved=2ahUKEwiur_6rzJXwAhUGfqwKHYPcDjcQ2-cCegQIABAA&amp;oq=we+are+short+staffed+at+restaurant+signs&amp;gs_lcp=CgNpbWcQAzoCCAA6BAgAEB46BAgAEBhQwR1Yiz9gl0ZoAHAAeACAAY8BiAHMCJIBBDE5LjGYAQCgAQGqAQtnd3Mtd2l6LWltZ8ABAQ&amp;sclient=img&amp;ei=e2KDYO6FOYb8sQWDubu4Aw&amp;bih=920&amp;biw=979&amp;rlz=1C1CHBF_enUS911US912&amp;safe=off),0,0
Had to read the entire thing to figure out you meant 'ask me anything'---lost interest by that time and was only curious as to why you were compelled to shorten it.,0,0
Fitting isn‚Äôt it,0,0
[deleted],0,0
"I'm for option #2 -- we shouldn't be dictating what websites can or can't be posted, that's just insane for this type of website.

However, since you work for EN, I wanted to reply directly to you... dude, you should use whatever power and influence you have to encourage the higher-ups (or the tech guys in charge of the website) to consider a cleaner approach to monetizing a free website.

Loading it up with far too many ads, including popups/popovers, and forcing people to click through slideshows of all things to view the content, is frustrating and only leads people to strongly dislike the website which will reduce the number of visitors and may even discourage people from subscribing to the premium version.

Yes, other news sites may do this too, but MySA is notorious for it, and as a web developer, the website just leaves me feeling so dirty. I certainly have zero desire to give EN any money.",0,0
what tech skills do they look for in cyber security?,0,0
Generations FCU. Local agents answer the phone plus online messaging for questions about your account and transactions.,0,0
"Find a buddy or relative (parents that still have service, for instance) and get their cable/satellite login. Then you can just use the official apps/websites for various networks; doesn't cost them anything extra or affect them in any way.

For everything else, there's Netflix, Hulu, and single-subscription services like HBO NOW, etc. Worst case scenario, you download episodes of some of your favorite shows.

I've been a cord-cutter for 5 years now and haven't missed it once. I can't stand watching cable TV at someone else's house anymore, the commercials drive me insane. I rarely have to download anything anymore either thanks to so many services pushing things online.

~~edit: A fairly useful comment got downvoted?~~",0,0
"Since we are on the subject, someone posted a parody video of local lawyer commercials emphasising on the ridiculous phone numbers. Since then I have never been able to find that video again. If someone knows what I am talking about and can post a link you would be the ""Hero of the Day""!!!! ",0,0
"Doko ni sunde imasu ka?

Do you know any now?

Have you tried any apps?",0,0
I'll tell you why... Google says permanently closed. I didn't get an answer when calling.  But I heard people saying they've seen people walking in and out. Does that make sense to you?,0,0
Another smaller rescue is Sierra's K9 Rescue: https://m.facebook.com/SierraK9RR,0,0
"Turns out that science and understanding marches on with more research and more data. Think about how we don't prescribe cocaine and heroin to folks anymore as we've learned more about medicine.

But see, I know this conversation is pointless. You're part of a deathcult and without de-programming you're not going to actually join those of us in reality. Instead, you're going to continue to put innocent people at risk by being sharing blatently false garbage on the internet like you're some sort of expert.

Go back to Parler, its a much more suitable echo chamber for your sort of nonsense. Far fewer people with some braincells to rub together there to call you out on your nonsense.",0,0
If you need help building a PC let me know! Computer engineer here/I build for fun,0,0
Just added to my 'Want to Go' list on Google Maps. Thanks for the suggestion!,0,0
Apparently Reddit is Facebook now...,0,0
Houlihans has all day happy hour on Sundays. Cheap long islands and apps.,0,0
"good luck! and yup my older company was only paying me like 38k, and then i found another company that is now paying 60k for half the work lol. but i just interviewed with google last wednesday and ill hear back by next week. although that wouldnt be remote, and i'd actually have to relocate... it beats living in texas lol",0,0
"
Lines are can be long for popular meet n greets I would go early.  I love planning stuff ahead of time. 

Besure to dowload the [Guidebook](https://guidebook.com/g/#/guides/sanjapan2022) app.

Friday SJ will have a afterparty at the bonham exchange bring  your SJ badge // [Electric Dusk](https://www.instagram.com/p/Cgf9uEfIa7r/?igshid=MDJmNzVkMjY=) //

Follow the Facebook [group ](https://www.facebook.com/groups/sanjapantalk/?ref=share)

Riverwalk is really cool for cosplay photos!

As for community I personally love it I actually volunteer because how epic people I've met were.  I love artists alley and Otaku Cafe's arcade as well as booth is big fave!


Playing board games is one of my fave gap fillers at the con üòä",0,0
Really? That's the pic you chose from Google Images? Not [this](https://images.app.goo.gl/nk8mvANfmYpnAsaw5) or [this](https://images.app.goo.gl/kdjBRCTtysG5vyAr6)?,0,0
You can also look on Craigslist/Facebook for posts or even make a post.,0,0
Google or search Facebook for Muscle Pump Meals.  They're legit.,0,0
Use Ethernet cable from the WiFi hub to your computer. I had the same thing but now I get triple my steam speed. Use a power line adapter if your pc is too far away,0,0
"Last week, a stowaway dog found on a train that traveled from Mexico to San Antonio is now in its forever home.

According to Animal Care Services, employees at a local recycling plant were inspecting a train shipment from Mexico on Thursday and found a scared 4-year-old female Australian Shepherd mix in an open-top railroad car.

ACS officers were called to the site after employees at the plant said the pup, who was later named Lana, wouldn't move from the 9-foot high railroad car.

""It is a mystery how this girl got herself into this situation,"" said Lisa Norwood, public information officer for ACS. ""The car was so high and closed from all four sides.""

Officers climbed into the railroad car and eventually pulled the frightened dog out of the railcar using a makeshift harness, ACS said in a Facebook post on Monday. She was transported to ACS and was adopted the next day.",0,0
Found it in Facebook!,0,0
"Have you also posted on Facebook? There‚Äôs a lost and found group with members that can probably offer resources to help. At the least if you message Evelyn Edmondson, who is an Admin, she can probably help out more",0,0
"I like going to the library. Endless amount of books, computers if you want to browse the internet, even rooms that you can watch movies in. It's always quiet and there's plenty of comfy seating available. ",0,0
I solely use my phone but have to download the books through Libby then can either read in Kindle or the Libby app. I don‚Äôt know if it‚Äôs different on a computer.,0,0
"Yeah.. it‚Äôs starting to get pretty annoying. Cuz if my Spectrum went down, it went down for maybe a minute or 2.. But Google Fiber could very well not be up for hours..",0,0
"I don‚Äôt even watch mainstream news, EvErYBoDY AgAiNSt AoC iS CuZ oF RiGhT WiNg PrOpOgAnDAa",0,0
You remember when all these goofy ass people were flipping cars because their favorite sports ball team won? [because I remember.](https://www.google.com/amp/s/theundefeated.com/features/philadelphia-post-super-bowl-lii-celebration-was-really-a-riot/amp/). Now I wonder why they didn't get police to beat and pepper spray them ü§î,0,0
"Yep, I live very close to it and am part of a neighborhood association that works with them all the time on various things. They're transforming the massive property and thousands of jobs are coming. Most of them will be in technology and aerospace. ",0,0
"I actively look away. Had a bad experience a couple of years ago. I was on the phone and one of them literally stepped in front of my as I was walking, was like 2 inches nose to nose.

I was pissed. Got the store manager. He apologized and made them set their table up outside. This was in February so it was cold and windy.",0,0
"Yeah sometimes we're talking 15-20 dollar or more differences but I agree with you and will definitely try to shift more to local stores!

 It's not like a buy a ton of books anyways, but I have visited Twig bookstore twice during Covid (you can order through the phone and they handed you the book through their door cracked open lol) and then later on they have opened the store for masked shoppers. The service there is really great!",0,0
Thanks. I did google but all I got was a bunch of E3 articles unsurprisingly,0,0
Facebook.com/RockerDogz has their menus,0,0
I just read a bunch of reviews for Fiesta Texas today (Google Reviews) for fun and there was a lot of negative feedback.  Make sure to read those before going.  It looks like staff shortages are causing huge wait times for attractions and food.  Maybe the shortages  will be better now with teens done with school for the year.,0,0
"I made a form so I can try to start estimating how many people would be interested.
https://docs.google.com/forms/d/e/1FAIpQLSdnRxIqNlM4GNrxkwavF2paqMc6DVq0rRJJwC7OabjpJzvykA/viewform?usp=sf_link",0,0
Aww I hope you find your pup! I‚Äôll post this to Facebook. Good luck!,0,0
"Feel free to join the fb group if you have one, we have lots of meetups and nice people to show you around! www.facebook.com/groups/r.sanantonio  and you can leave it when you're done here! or stay, whatever",0,0
"Yeah, it's a good thing you've got that mesh filter. Now maybe install a britta filter on the faucet for anything you cook or drink with. I personally only cook with filtered water, even ramen. My wife calls me paranoid, but hey, here's another great example. 

Microplastic has already found it's way in pretty much everyone's diet, best to try to curve it as much as possible.

https://www.google.com/amp/s/relay.nationalgeographic.com/proxy/distribution/public/amp/environment/2019/06/you-eat-thousands-of-bits-of-plastic-every-year",0,0
"Yeah by being a police officer and actively making a change.

Edit: a boomer meme that belongs in Facebook and someone who actually provided tangible feedback

In other words you guys are trash lol",0,0
"And if you can, make sure to go to the Tower about 30 minutes or so before the sunset.

And if you're not sure about which [hotel](https://maps.google.com/maps?hl=en&amp;ie=UTF-8&amp;q=rivercenter+mall&amp;fb=1&amp;gl=us&amp;hq=rivercenter+mall&amp;cid=0,0,6192383023015733557&amp;ei=4ppjUfSiGbL9yAGihoHwDA&amp;sqi=2&amp;ved=0CKcBEPwSMAA) to go to, there are plenty of nice ones near the Rivercenter Mall.

I'm not sure if you guys are into shopping, but the mall is a nice place to just walk around if it gets too hot.",0,0
"Once my wallet fell out of my pocket in Walmart at walzem location.

Another time wife left her phone on the table at the food court at North Star.

And my daughter left her wallet on a via bus with $80 cash in it.

Every one of us were able to get back our property because a bad ass San Antonio citizen found it and turned it in to Lost and found.

Extra: I made a lot of purchases online and my bank froze my card just in case it wasn't me. I found out when my card got declined at HEB. I told cashier I'll come back for the items. On my way to my car some lady stops me and hands me a bag with the items I couldn't buy.",0,0
"Tech industry? We have a tech industry? Welcome lost redditor, you're probably looking for r/Austin",0,0
"Seeing how the version is about 10 years old, the hardware itself is about half that. If we had to upgrade, the plan would be to just build a new computer, set up Redhat, Samba (for users), the backup system (name escapes me atm), then install our Accounting package (Southware), and copy over all the data. Just in case everything goes to hell, at least our old computer is sitting there ready to go right away and we're never SOL. 

",0,0
"Yes.  One large one and a small hole in the wall gold mine.  If you search google, you can probably find pics of the gold mine.",0,0
"Not an Apple user, so it doesn't help me. With that said, I know there are numerous people in my county (Bandera) who post things like eggs for sale on Facebook who could benefit by this. I also know a guy who is just starting to sell his high quality beef on line (Fredericksburg).  Great job. Hope you can develop a version for us Android users.",0,0
"Think you'll dig it here!

&amp;#x200B;

&gt;We both like cycling (road and mtb), hiking, camping and going on weekend trips to nearby destinations.

Cycling is def covered (there is an 85-mile paved greenway that goes all over the city and it's *great*). There is great camping and hiking a short drive out of the city (esp west/northwest/north). Some *really* good day trips/weekend trips available: Austin, Fredericksburg (Texas wine country), 2-3 hours to some really solid beaches, Kerrville (folk festival, river stuff), Canyon Lake, etc.  


&gt;I enjoy gardening and history related things.

Some cool native plants that do really well here. Understand, it is *very*, very hot. We are in Hardiness Zone 8b if you want to google and see what does well here *naturally*. Other things will do fine, but know too that we are regularly under some significant watering restrictions, at least this summer. LOTS of cool history stuff here in south central Texas. The missions, Gonzalez TX, history museums, etc.  


&gt;Food.

You'll be fine. I recently found a fantastic Thai place that I'm going to give a lot of money. Amazing Mexican and BBQ, of course, and more and more upscale dining is coming to the ""cool"" parts of town (Southtown, The Pearl, etc.). The part of town you are in will matter. I'm not too far from the Medical Center and there seems to be a lot more variety over here as opposed to where you work will be located.  


&gt;We both would enjoy somewhere that is more ""greener"" and more established.

You'll find more established, large-tree lots between 410 and 1604 (north/south boundary), and I10 and Thousand Oaks (east/west boundary), and I think in your budget. There are some great parks and green spaces in the northwest and central parts of that block, and the [Howard Peak Greenway](https://www.sanantonio.gov/Portals/0/Files/Parks/Linear%20Creekways/HWP%20Greenway%20Trail%20Map.pdf?ver=2022-04-21-092311-137) runs all throughout. The northwest side will start to get far from your work (it's about 25 minutes right now with no traffic), but I think it's still doable. Like you said, it's very much a car-centric city and we have a pretty solid road system.

Anyway, I'm a big fan and enjoy a lot of the same things as you and your wife. Think you could really enjoy it. Best of luck! Cheers!",0,0
"https://www.ztsystems.com/#!/current-openings/

https://careers.hpe.com/

https://careers.teksystems.com/us/en

I can't seem to find a site for ISE, but you might find something if you google ""ISE"" and ""datacenter"" or ""microsoft"" or something like that.


Oh, and CyrusOne
https://cyrusone.com/about/careers/",0,0
"Your comment was removed because it appears to have included a phone number, if this was your own phone number, consider either having people DM you for your contact information, or message the mods to override this removal.

*I am a bot, and this action was performed automatically. Please [contact the moderators of this subreddit](/message/compose/?to=/r/sanantonio) if you have any questions or concerns.*",0,0
"ATT gigafiber here. It's $70 plus a few dollars in taxes or some kind of city fee. 

I'll switch to google fiber as soon as or if it becomes available, because ATT is ATT

Edit: I will say though that locally I've had no trouble with them at all. On installation the guy was out running wire from the pole to our house, and took down some old legacy lines from former phone companies and Time Warner when I asked. I figured they'd have to call out special crews for that and it would take weeks. ",0,0
"Join Facebook or log in to continue.........


Come on OP..... ",0,0
"Absolutely. Agree with everything you said. There is no doubt that CPS will need this.

What I question is why build your own datacenter to do this crunching? Just cause I want to use web-based email do I go and spend millions on a datacenter, and hire software developers to do this? Nah, I just sign up for GMail.

GMail is an example of Software as a Service, but Amazon and countless other providers offer Infrastructure as a Server (servers, storage, etc) either on-demand, or you can rent a base load of physical servers and scale out with virtual (cloud) servers.

Building datacenters is not CPS's bag. Hell, not even Netflix thinks it's their bag...all of Netflix is run on servers billed based on hourly usage! Netflix does not run datacenters. I'm curious how someone like CPS needs their own physical datacenters when the biggest names in technology, whose critical business run on datacenter, do not run their own datacenters.

The best part of this is that a cloud/dedicated provider will manage power, cooling, upgrades--all of this administrative overhead--is handled by them. And it's scalable, meaning you can use 10 servers for your day-to-day operations and pay only for, say, 30 more servers for the week that you do billing.

On top of that, no one who's sensible builds datacenters in south Texas. Cooling is expensive, and our baseload electric here is non-renewable and expensive natural gas. The consensus is the industry is to build in areas that are cooler, and where hydroelectric is the predominant generation source. 

&gt; Google and Facebook tend to build their data centers in remote, optimum locations like the Columbia River Valley, where power is cheap, or in central Oregon where the cool nights and high desert climate aid in the fight to keep densely packed computer equipment from overheating."" --[source: Information Week](http://www.informationweek.com/how-to-build-a-modern-data-center/d/d-id/1097407)

*DISCLAIMER*: I am a Rackspace employee.",0,0
"It's bogus because you have one example? Your husband may be an exception. There's quite a bit more involved in purchasing a property than just being available to show. I can't even tell you how many part timers I can't get on the phone during normal business hours. The fact is, if you have a 9-5 you're not going to be as accessible as an agent who does this full time regardless of the mental gymnastics used to defend your stance on the subject. ",0,0
[Regerts*](https://www.google.com/search?client=firefox-b-1-d&amp;q=no+regerts+tattoo),0,0
"Never had an issue with google fiber, makes me nervous when I move that it‚Äôs gonna suck elsewhere",0,0
"My brother has AT&amp;T Fiber, he lives near the Oblate School of Theology. I can't remember what he said the exact pricing was, but I remember being shocked that it was about the same or just a little more than what I pay Spectrum for 100 mbps, which is about $64 a month. I don't know if that pricing will last if Google Fiber never arrives to compete though. Anyway, he definitely gets close to gigabit speeds, but he says he still has occasionally issues with his service. I'm not sure if that means it goes down sometimes or just doesn't always get the advertised speed, but in any case it's not perfect.",0,0
What kind of phone do you have? Is it up-to-date?,0,0
"I feel like a reckless driver sometimes personally.  The truth is I'm just trying to almost go the speed limit, not 20 to 30 miles under.  I generally count how many people I see talking on the phone and not paying attention (going 20-30 under the speed limit).  It is about 1 in 4.  Its hard to tell sometimes because I'm trying to watch the road, but most times it is blatantly obvious because of their driving habit.",0,0
"There really isn't anywhere near the border that's safe... You're at risk everywhere you go.  

Is it possible you could visit a border town and not have any problems? Sure... 

Is it worth the risk given the disgusting amount of violence that is rampant, right now, across the border? Fuck no. 

A quick Google search should expose you to the types of violence happening all across the Mexico Texas border ; you can make your own decision.   

Me? I Iike my head attached to my body. I'll swim on the US side, thank you very much.   ",0,0
"Just tell them you moved out of state.

And if you ever go back again...  the answer is: no, they can't have your phone number or email.",0,0
"Oh am I?

&gt;Although it can handicap a job seeker to not use (or own) Microsoft Office Suite, mentioning this software on a resume won't give you an edge. Most hiring managers assume applicants know the basics, and you don't want to waste space writing, ""Proficient at MS Office Suite"" when you could have elaborated on a distinctive skill or a career accomplishment. 

[Source](http://money.usnews.com/money/careers/articles/2012/05/24/4-job-skills-to-leave-off-a-resume) 

&gt;*Five Ways To Make Your Resume Sink Faster Than The Titanic*
&gt;
&gt;**5) Proficient in Word, Excel and PowerPoin**t

&gt;This is another case where I do a mental replacement ‚Äì I swap ‚ÄúProficient in Word, Excel and PowerPoint‚Äù for ‚ÄúProficient in Breathing Oxygen‚Äù and then wonder what the person was thinking.
&gt;Of all the gaffes listed here, this one might be the most common in resumes I‚Äôve reviewed. This alone is not enough to ‚Äúsink‚Äù your resume, but I do think you look silly listing programs that virtually everyone who has worked in an office before knows how to use.
&gt;
&gt;If you know a programming language such as C++ or Java, go ahead and list those; advanced statistical and financial analysis programs are also fine to list.
&gt;
&gt;Just as with ‚ÄúFluency in English,‚Äù I assume you are ‚Äúfluent‚Äù in Word, Excel and PowerPoint. So don‚Äôt re-assure me.

[Source](http://www.mergersandinquisitions.com/5-ways-to-make-your-resume-sink-faster-than-the-titanic/)


&gt;While most employers definitely want to know you as a person and the things you enjoy in your off time, pull off all of those ""special skills"" that everyone has and just aren't important for your job. Things like ""Microsoft Office (all ver.)"" or ""Windows and Mac Operating Systems"" are not only implied for any job that requires use of a computer, they take up space you could use to make a real impact‚Äîor better yet, keep your resume trim and to the point. 

[Source](http://lifehacker.com/5934177/what-resume-items-can-kill-my-chances-at-getting-a-new-job) 


&gt;There is no need to list basic computer skills, like Word, Excel, or Outlook, on a resume.

[Source](http://www.askamanager.org/2009/07/dont-list-basic-computer-skills-on.html)

Seems like I had a legitimate question. All this resume talk has reminded me I should update mine! 

",0,0
"go to the big dmv location at Huebner &amp; 410. they specialize in DL. You'll be seen in less than 5 minutes. Its not like other dmvs here in SA.

I think since you're over 18, you just have to take the written test on computer. (easy stuff) &amp; once you pass, you take your picture and get a paper as your permit til your actual license comes in the mail. 

the whole process isnt that difficult.",0,0
"you can try putting your cats litter box or something they sleep on regularly outside to see if they smell it and come back! sometimes kitties can get lost and need some help finding home. 

and if you haven‚Äôt, post on nextdoor and if your neighborhood has a facebook group post there too. hope your kitty comes home soon!",0,0
"If you're on Facebook, there's a very active group called [San Antonio Communications Jobs](https://www.facebook.com/groups/1441841799438144/?multi_permalinks=2560094360946210%2C2560328334256146%2C2560088544280125%2C2560085740947072%2C2560040907618222&amp;notif_id=1579230709085595&amp;notif_t=group_activity) that I can recommend. I'm a member of the group and job openings are shared daily including entry-level positions. The group is managed very well and it's a great place to introduce yourself to communications/marketing professionals in SA. Good luck!",0,0
"There's a facebook group called Deaf Open-Captioned Movies, a coworker of mine helps run it. They usually rent out a room at a theater - Alamo Drafthouses and Santikos theaters - and show the movie with captions.  ",0,0
Find a way to block the wifi signal to the thermostat. If they say anything about it just pretend like you can never be home to meet them when they want to send a tech out.,0,0
"Me. I catch all the races on TV, phone, or other means. Add IndyCar, MotoGP, IMSA, and others to the list.",0,0
"Bright flashlight. Bright-ass flashlight. There's smaller ones available that can fit in a bag easily; little pricey, but you know what? It'll blind the shit out of them and you don't have to wait for them to be within range. If they do get in range, screw it, hit them in the throat with the end of it and run as fast as you can to a nearby lit up building.

Loudly start talking on ""speakerphone"" (the """" is if your phone is dead or you have no time to hit the call button, etc. Fake it if you have to) to a dispatcher or a (I'm sorry but it's the sad reality of what makes an impact to people like this) male associate about your location and their appearances. Make a scene. They're counting on you to be scared.

Also don't dally around when you're in your car before getting out or after getting back in. They're scouting for people that act distracted so that they're easy to put off their guard. Always check the lock right when you get inside of it or right when you put it into park. Have your stuff ready to go beforehand. No phone scrolling or rummaging.",0,0
"It's on Old Blanco Road south of Bitters behind Martha's restaurant (I think it's still a Martha's but it's been so many things in the past 10 years I can't keep track).

[Here's a map link](http://maps.google.com/?ll=29.564835,-98.520965&amp;spn=0.003484,0.00449&amp;t=h&amp;z=18&amp;layer=c&amp;cbll=29.564755,-98.520926&amp;panoid=sfz2ePotpWX9UVqM-6HFxQ&amp;cbp=12,255.34,,0,9.25)",0,0
Plenty of couples these days met on dating apps. It‚Äôs 2022. I‚Äôm fact I know several married couples that met on Tinder. You‚Äôre not forced to meet anyone you don‚Äôt want to.,0,0
"The city manager can only act within the constraints set by the city council, the city charter, and state law. How the city manager navigates those constraints while making city government as effective as possible is no small feat. Sheryl Sculley has shown that she‚Äôs been able to do this quite well.

But it‚Äôs extremely important to keep in mind that the city manager, by design, does not set policy. Policies such as city ordinances and the budget are set by city council. If you don‚Äôt like the policies in place, then every two years you have a chance to vote for someone who will change them.

Municipal fiber may not be allowed by state law (many states have effectively banned it and I‚Äôm not certain if Texas is one of them), and even if it is, that‚Äôs something city council has to do decide to do and city residents will also need to accept a tax increase for that. For the private sector, Google Fiber hit quite a lot of neighborhood opposition to the infrastructure they needed to install to run a fiber network and Google consequently curtailed their deployment. City council did not act to try to better balance the needs for high-tech infrastructure with the interests of neighborhoods so the city tossed away that opportunity. The city council gets elected every two years so this is a reflection of the will of the voters.

Chris Steele and the fire union are not ‚Äúbogeymen‚Äù or ‚Äúscapegoats‚Äù for all the city‚Äôs woes. They do bear responsibility for actively harming the interests of city residents in the pursuit of their own narrow interests for some recent issues. They are manipulating populist sentiment in ways that harm the city‚Äôs long-term prospects just for some short-term gains for themselves. They want the city to be saddled with unsustainable healthcare and retirement costs which benefit people who are already retired, or will be soon, without any regard to the fact that future firefighter retirees will likely get screwed. Look at Houston and Dallas for examples of what happens when cities negotiate overly-generous pension benefits for public safety workers that turned out to be unrealistic (both of those cities‚Äô public safety pension funds essentially went bust).

At least San Antonio has a city manager that identified that it‚Äôs irresponsible to negotiate generous benefit packages with public safety unions without regard to the long-term cost. She dared to suggest slowly reigning in those costs in ways that would have as little impact on public safety employees as possible while balancing the fiscal needs of the city and the residents who fund it. Too bad that made her a target for the union and it‚Äôs the residents of San Antonio who will bear the consequences. She‚Äôll get a nice, well-deserved retirement while the city and its residents will face the costs of what it voted for.

Phoenix residents voted for policies, including increased taxes on themselves, and elected leaders that would start to steer the city away from merely being a destination for retirees and those seeking cheap housing where ‚Äúat least it‚Äôs a dry heat.‚Äù Similarly, it‚Äôs up to San Antonio residents to make this city a better place to live for themselves when they go to the ballot box.",1,1
Super spreader event?,0,0
Use offerup or facebook market,0,0
I have cricket and at that interchange my phone is basically worthless. If I drive through there while on the phone it will drop the call. If I need to use my map through there it will not load.,0,0
"&gt;	 I am looking to help anyone proofread or freelance.

You‚Äôll help me freelance?!",0,0
"Holy shit, maybe people will actually pay attention to stop lights now.  I swear every other stop light I get behind someone fucking with their phone and takes like 10 seconds to fucking go after the light turns and the car in front of them goes.",0,0
"I'm a controls engineer at a data center and my girlfriend is a UX designer. Design and IT is much larger in Austin. The data center market is as well, but there are data centers in SA. Austin is the tech city; SA seems to be more labor and service industry. ",0,0
"Hey I'm on a couple of apps for gig work and it's really been getting me thru the slow months of my job.  All gigs pay $15-$20 an hour. 

Idk the rules about posting stuff here so if you're interested dm me.",0,0
Why don‚Äôt these cops ticket phone wielding drivers‚Ä¶7 out of 10 drivers have a fkn phone in their hands and definitely not paying attention to the road,0,0
"Yeah, I was shocked by the email that they'd left, but someone in a group I'm in on Facebook mentioned the new group and when I checked the website there they were!  From the sound of the receptionist who called me, it sounded like they took a lot of their office staff too.",0,0
I can kind of see it. The shoulders are a little big,0,0
"&gt; One if the best explanations I've seen in regards to why the 15 minimum wage needs to be deeply reviewed before implementation.
&gt; 
&gt; https://youtu.be/RZiFdfxXxn8

I'll have to watch that at home. It's blocked here for hate speech or inflammatory content.  (didn't think youtube allowed that?! - my company is pretty conservative though so maybe it's a tenacious sysadmin adding shit to the filter?)
(Reading the CBO report)[https://www.cbo.gov/system/files/2021-02/56975-Minimum-Wage.pdf] on the effects of minimum wage is actually pretty interesting.  It strikes me as it will generally be a boon to the country and our people.  

tl;dr - a little more income to the lowest earners is generally spent in the local community. Food, home improvements, electronics, clothing, vehicles, etc.   It basically stimulates the local economy.  That stimulates the business owners they buy from, and that stimulates the tax coffers of the municipalities, and that leads to better roads and schools and police and fire departments and other services people depend on.  It's a trickle-up effect. 



&gt; The problem with liberal policies is that they come from a place of good will but in practice don't function at all. If you want healthcare and education stop sending troops overseas, stop bombing foreign countries, stop forcing the economy to be energy dependent on foreign entities, stop having people like aoc vote on bills to supply other nations with gender studies money and put all of that back into the national economy and workforce.

I agree that liberals are a generally a little too hawkish for my taste, but I hope that's merely pandering.  It seems like many progressive politicians ARE talking about reducing troops overseas and not be so eager to go to war. The benefit would be that we could better afford to actually care for our veterans. The last four years have been rough on veterans AND active duty alike.   I guess what I'm trying to say is that the progressives I see are advocating for reduced military spending and reliance of foreign entities (domestic oil, solar, hydro and wind power was big even as far back as 2008 under Obama, so reducing the foreign reliance is there, and hopefully growing).   These liberal policies have proven themselves to actually work. 


Trump signing the Omnibus bill with the USAID ""(gender studies)[https://www.usaid.gov/pakistan/cross-cutting-themes-good-governance-and-gender-equity]"" package actually surprised me.   I am a big fan of finding out why there's so much violence against women there, and how it can be reduced  (overly simplified, I suspect religion and education. Reduce the former and increase the latter would do wonders).  At the same time, I am really interested in how we can reduce foreign aid in general. 
We spend billions every year on Israel and Egypt and Pakistan and several other countries.  If we could cut that in half (and billions to Israel - an apartheid country? That seems a little counter to our values!) we would have plenty of money for healthcare and education for our own citizens here at home. 

&gt; 
&gt; The only people that benefit from a minimum wage increase are the massive corporations that can withstand the reduction in profit. Ie amazon, google etc. The same people that made billions off of covid shutdowns are the same people supporting the politicians backing these policies and are trying to silence free speech.
&gt; 

Well, they lobbied against it hard, until the bad press cost them more.  Then they found out (in the case of Amazon) that offering decent money gave them a lot more and a lot better applicants, so they actually do benefit from it.  And then GOOD press they get for tweeting things like ""we challenge our competitors to match us, or one better, pay $16 and throw the gauntlet back at us"" as I think Bezos or some Amazon dude tweeted.  Hell, BofA pays $20. 

Ultimately I think we're in the wrong here thinking that raising the minimum wage should be so low nobody can live off of it, so we don't accidentally give large corporations more money.  That's punishing people to try to spite a large corporation.  That's not good either. 



&gt; It makes THEM money, not the private citizen. I always find it ironic the left is ""fighting fascism and the establishment"" when mainstream media, social media, big tech, higher and lower education are all owned and operated by the left. How much establishment is left to fight against?


Uhh.  You might want to read the book ""[Dark Money"" by Jane Mayer](https://bookshop.org/books/dark-money-the-hidden-history-of-the-billionaires-behind-the-rise-of-the-radical-right/9780307947901) - it details how pretty much all the entities you mentioned have large influx of both money and influence by conservative causes.  Certainly not all, but overwhelmingly. 

The very point paragraph you wrote above indicates that they're successful in keeping it hidden from 'common knowledge'. 

I'm a capitalist and a fan of The Nordic Model, so I really don't have too much of a problem companies making good money, as long as the people are also lifted by the rising tide.  THAT is what I want to ensure happens, and that's why I pin my hopes on some of the progressive politicians that seem to think of it in a similar way. 

Make people richer and their communities will thrive, and if they thrive, they spend more money and then the companies thrive, and they can pay their employees and then we have a virtuous circle.  It's a little like the tax rates back in the 40s and 50s - a time when the US was truly a superpower with infrastructure and innovation coming at us fast. 

&gt; 
&gt; You elevate the community by elevating the individual. You don't elevate the community by taking from those that work and giving to those that don't. Wealth redistribution (covid ""relief"" packages where only 8% actually goes to covid relief) does not work. You're telling people they know nothing about economics but you need to learn some history my friend. Socialism and communism never work.

This is what I've been trying to say.  The last four years of grift has just impoverished the large masses, while enriching the very few at the top - the very wealth distribution you're against (see the Trump Tax Cut as a prime example - yikes!).   We need to encourage people to work and part of that is to ensure that they get paid for it and not just screwed over by the companies they work for. 

I don't actually know how little of Trump's relief was helpful or went where it should have, but the recent plan has a good chunk of money going to actually get people past the pandemic.  Or hopefully will. 
The part about 8% seems a little shady.  By the time you figure in over 400 billion in stimulus checks, almost 250 billion for unemployment and federal supplement, and 130 billion for safe school reopenings, and 160 billion for vaccine production and distribution and PPE, we get pretty far over the 8% number you quote. 

There are some people that are concerned that the childcare credit isn't COVID related and shouldn't be in there, but the people who qualify for this are also largely overlapping with people who would benefit from an increased minimum wage, etc. 

Economics.  The ultimate ""facts don't care about your feelings"" subject.  :D 


Socialism and communism might have their downside.  I don't think we've seen TOO much communist tendencies, despite the last four years (that's more despotism, nepotism and cronyism).  Socialism is something that is huge in our country (the US - I'm assuming you're American here).  Look at the military - stripped down to its core, it's a jobs program. 

""Give us x amount of years to do what we tell you and we'll give you housing, insurance, food and clothing"". 

We have social security - it's in the name.   My taxes pay for schools, sidewalks, police and fire departments and infrastructure. Some of which I'll be lucky to never use.   I'd argue that it works, but could work better.   

If we could reign in some of the pork in the bills and eliminate lobbying and cronyism and grift from government, aka ""draining the swamp"", it would probably work a whole lot better.   I keep referring back to the last four years, because they have been a prime example of how to do your best to ruin a country by grift and theft and shady alliances, instead of doing what's better for everyone. 

Now we just need to keep voting in better politicians who actually have OUR interests at heart, and toss them out the moment their lies and bullshit comes to light.",1,1
"That laugh.  The pregnant pauses.  The zany sound effects that are painfully and predictably set up day after day.  The 'top five at five,' where he pretends he didn't write the material.  MLB/NFL in San Antonio whining that will seemingly never end.  The whole, ""Why does everyone think I'm rich?"" joke/storyline.  Pretty sure I heard him do one of those fake phone interviews, too, you know where he pretends it's a live conversation when it was obviously ripped from somewhere else.  Almost makes me wanna flip over to AssTown and try and figure out whatever the hell Dat and Sinus Boy are hyperventilating about.  I listen to more music now during the afternoon drive, so I guess I can credit Sheen with bringing a bit more culture into my life.  ",0,0
I got the clerk's phone number if anyone wants it.,0,0
There‚Äôs a good Facebook group for subleasing apartments at UTSA. Join it!,0,0
There is a Facebook group that is pretty active. There is a sub Facebook group from the main that is also girls only. I've made some good friends through those groups.,0,0
"On West Ave there's a Seiko Sales &amp; Service shop that does Jewelry, Watch, and Clock repairs. I took a watch there a few months back to get some links taken off and she charged me like 10 bucks. I would recommend calling for a price range on what it is you want to be done though. I can't put the phone number cause the comment will be automatically removed.",0,0
I solely use my phone but have to download the books through Libby then can either read in Kindle or the Libby app. I don‚Äôt know if it‚Äôs different on a computer.,0,0
"LOL, so angry. No wonder libs are the most miserable people on Earth. I didn't Google for that article it showed up in my FB feed almost instantly after my earlier comments. You know all this anger is bad for your cortisol levels and thus lowers your immunity. Good luck.",1,0
"I know, its just harder than I thought living with my parents driving me up a wall.  When I was working; I was fine because I would literally be working 10-12 hours a day, get home, make something to eat, watch some Netflix or play video games, go to sleep, and repeat.  Not a whole lot of interactions except to organize a family movie night at a theater with my brother as well and not having it be so late for us to still go to bed and wake up the next morning at 5 or so...

Now I'm taking some online classes in computer science and business so I can hopefully learn and be able land something to be able to still work from home and making a pay check next time something like this happens.  I work for a wholesale business that delivers liquor to bars and restaurants - but when they shut down, business went down as well and we were out of a job for a week.  Luckily, our boss was also opening up 2 new stores before all this and is giving us some work to do to both help them out as well as us whenever this clears out and we can hit the ground running better prepared.  They're still going to pay us our full amount that we were getting before, just a different kind of work.  Still work.",0,0
"You could look into [Cafe Commerce](http://www.cafecommercesa.org/) located downtown. One of my friends (http://www.theloveletterlibrary.com/) goes there for classes and to meet with her mentor. They have some interesting programs, maybe not as tech oriented as the stuff at Geekdom.",0,0
"I personally do not like the Palladium. Yeah, it's nice and big, and they have a full bar upstairs, but I have never seen a movie there that didn't include someone's baby going off, someone texting/talking on a phone, or just being obnoxious in the theater. If OP wants to deal with that, then Palladium is the way to go. However, I don't think paying exorbitant prices just to listen to some idiot ramble on and on about a movie is worth it. 

 ",0,0
"I work specifically in curbside for H-E-B right now, and it‚Äôs been pretty difficult for anyone else I‚Äôve recommended to land the job. It‚Äôs also definitely way more customer-service based than just shopping around the store, I take the orders out to customers, handle phone calls, assist the store customers while I‚Äôm doing my rounds. On the other hand, I‚Äôve suggested Instacart to two friends and in two days they had the job and a card to start shopping after applying online. As far as I know, for them they don‚Äôt have ‚Äúcoworkers‚Äù or a direct boss, they shop for a single order at a time (as opposed to the average of 12 I do), and they‚Äôre basically left alone in the store since they‚Äôre not an HEB employee. ",0,0
"https://www.facebook.com/csanetwork210/

My friends do some excellent work. Not sure about pricing for a single item, but they have always worked out a deal for me when I needed it.",0,0
"This is awesome! Here is one serious question I have that unfortunately is becoming an issue and one stupid question just for fun I would never make a post about:

Serious question: We just moved here with an out of state health insurance plan that will only cover emergency room visits out-of-network, what's the best ER for me to head to if I need emergency care? (unfortunately we are about to hit town today and I suspect this is gonna become a pressing concern)

Stupid question for fun: Which gas station chain has the best loyalty program? I'm used to Speedway but they don't really exist as far as I can tell from a lazy Google",0,0
How about tech writing?,0,0
"This isn't true at all. Although there aren't many tech oriented companies in San Antonio, there are tons of corporations that all have IT departments. Not to mention the contractor positions available at the bases. ",0,0
[Poll](https://docs.google.com/forms/d/e/1FAIpQLSflNd30OGujquXrZAbtqLVQkN5Lo27yxArDvKbM_oU0NLF0nA/viewform?usp=sf_link),0,0
"Dude, that's awesome what you are doing and you are already on the right track.  A colleague of mine was very large like you around your same age.  He maintained an okay social life on the internet but was depressed often.  He started college but ended up having to drop out because his grandfather died and was the breadwinner for his household.  His father left him when he was about 5 or 6 years old I believe.  When his grandfather passed away due to complications involving his weight, it was a wake up call for him.  His grandfather gave him a ring from when he was younger before he passed and he made it his goal to loose enough weight to fit that ring.  He started loosing weight by marching in place everyday in his room until he was winded.  Those sessions grew longer and longer.  Eventually he realized that he had a bad habit of snacking whenever he did anything such as play video games, watch tv, etc even though he wasn't hungry.  To fix this, he would pause and think before he had a snack and asked himself if he was really hungry or if he was just giving in to his bad habit of snacking for no reason.  If he wasn't hungry, he would just chew on ice chips.  With those two things alone as well as somewhat keeping track of calories, he has lost close to 200 lbs.  He carries before and after as well as progress pictures with him on his phone everywhere he goes and looks at them from time to time to keep him motivated.  he also still wears the same belt that he had when he was larger.  Every time he puts a new hole in it to make it fit smaller he has a little celebration by having a really good cheat meal.  He now has 17 holes in that belt.  It's definitely possible to achieve what you want and I hope this story as well as these tips helps you out.  Good luck and I wish you good health and a long life. 

Edit: Feel free to PM me as well.",0,0
"the thing is, there will always still be someone who will resort to the clothes hanger. A rape victim, someone who is impoverished and won't be able to travel out of state (because we all know Texas is on the path to a full ban), there are many other reasons. Just because BC is legal, and some states will keep abortion legal, doesn't mean that all women will have access to it. Not everyone will help these people, not all women have someone on their side.

If the term abortion is used in it's true umbrella state, it means any pregnancy ended PRIOR to being full term, the fetus and placenta being removed from the uterus. This includes medical abortions for the health of the mother (or potentially a twin baby if one baby is failing in health). This includes abortions for peoples with disabilities who are incapable of taking care of a child yet may have been abused, manipulated and tricked. This includes abortions for those who have been raped, regardless of age or mental capabilities. By saying -no- abortions and leaving the states up to determine what that means (and Texas doesn't care if you've been raped), then it's setting up a lot of vulnerable people up for failure and a lifetime of pain and suffering. All while the people who oppose abortion and rallied for it's ban shake their heads at yet another poor soul leeching out the system, while not offering not so much as a smile.

More than likely now, women will just google which OTC pills can cause abortions/miscarriages and go for that. A more modern clothes hanger.",1,0
"I've got hobbies, but I just don't feel good about them right now. I don't know why. My computer is dying, and I cannot load up windows and play games or anything. I'm stuck using Xubuntu, and it gets old just surfing the web. My other outdoor hobbies don't let me escape my mind either.",0,0
This is old news. They have been selling their assets on Facebook and Craigslist for a month now.,0,0
"Well, fuck people who do that do dogs.

Dogs should NEVER be allowed to roam, I've been chased down by dogs allowed to roam... if not on a bicycle I would have been mauled many times over by now.

A cat is not going to attack an toddler playing in his yard.

Cats always flee at the sight of strange humans, dogs are far more unpredictable.

A cat is very different from a dog and San Antonio has a HUGE problem with that distinction, people thinking its okay to let their dogs roam.

Then again the people of San Antonio voted to build a stupid stadium instead of a rail system to connect us to Austin.

One of the many reasons I cannot wait to leave San Antonio... it's a shit city filled with even shittier people.

Not all of them of course, there are thoughtful people here in this city... but too few, the rest of San Antonians keep voting to be willingly exploited time and time again.

I mean Bexar has the highest rate of accidental car accidents caused by idiots on their phones... the sollution?  The county spent waaay to much to develop an app that sends alerts to your phone to not be on your phone... yeah, let that one sink in.

San Antonio has a ""growing"" tech center while also closing schools.

San Antonio is building expensive condos and expensive high rise apartments that San Antonians cannot afford, now you have entire high rises completely vacant.

San Antonio is on the fast track to being the next Detroit.

San Antonio is a poor city that hates poor people.
",0,0
It was posted on their Facebook page. It's there.,0,0
"I used google reviews and apartmentrating.com .  google gets lots of negative reviews for stupid things and [apartmentrating.com](https://apartmentrating.com) tends to get more positive reviews.  Between the two you can get a rather consistent idea of what is actually happen at the place.

Around here check to make sure there is plenty of parking, drive through the place at night.  Also see if the front office will accept packages, I found lots of ""luxury"" places that would not.  Problem right now is front office have cut that off,because of covid.",0,0
"[boho market first Friday ](https://www.lavillitasanantonio.com/Our-Events/ModuleID/22295/ItemID/2752/mctl/EventDetails) 

There are more events listed, just take a peek at the site, but this one is Friday. 

Also, the chalk event with artpace, I‚Äôll be contributing to some art for that one! 

I‚Äôve found there‚Äôs a ton of events like this listed on Facebook if you have it. Look around! You might be surprised, there‚Äôs really a lot going on. ",0,0
"&gt; Saying ""don't bother"" is a surefire way to ensure that no fibre network will ever be built in San Antonio.

Nonsense. Google would commission market studies that take into account things like household income and housing density, as well as their own *extensive* internal repository of ad/user data. The number/location of self-selected respondents to a web ""form"" proves nothing. Half of those people won't live in the same place in 5 years, so even if Google miraculously decided this weekend to bless San Antonio with fiber, it'd take longer than 5 years to start offering service here, because this city's so vast. What matters is demographics - Is there a critical mass of people in the market who are likely to be interested in purchasing the product and who can afford it? Do they live close enough together that we can get them the fiber cost-effectively?

Google is probably keenly aware that San Antonio *already* has a Texas-based [overbuild](http://articles.latimes.com/2001/jan/21/local/me-15136) TV/broadband provider that COULDN'T MAKE THE ECONOMICS WORK to expand its territory outside of Loop 410. I live in a neighborhood outside of 410 that has been wired for Grande. All they'd have to do is connect a trunk line to it and my neighborhood could be in their territory without having to bury a single cable. They can't make the economics work to do that. To me, THAT is the biggest reason we won't be anywhere near the top of the list if/when they expand the project. If a company that knows this city's quirky demographics couldn't make a go of overbuild service, then this probably isn't a good place to try an overbuild.

(edit. added a few words for clarity)",0,0
"In my home state, they just outlawed certain types of headlight ‚Äúmods‚Äù and these custom LED lights are among those banned. Would love that here, but expecting local police to actually enforce it would be about as frustrating as the useless cell phone ordinance.

Also agree with the comment about status. I often wonder how upside down people are on all these $60k+ vehicles you see all over town.",0,0
"You should try to see if you could find a place on a bus route to your job. I haven't used the public transportation here, but I would at least look into it to save you some money before spending it on uber/extra data on your phone. Their routes seem to cover a decent amount of the inner circle. I also receive emails from lyft frequently letting me know that my rides will be half off (for a week or two) so I would take advantage of that!",0,0
"I was riding my bike down bandera towards 1604 (outside of the loop) when the sensor from my bike computer was dislodged and I had to stop to fix it. While fixing the issue on the side of the road someone in a pickup stopped by me and asked if I needed assistance. Seems small, but of the backlash I've seen towards bikers out here it felt great that someone went out of their way, even just a little bit, to see if I was alright. ",0,0
I also have one GTX 1080ti. I bought it on eBay a year ago. Unfortunately I found out too late (after the return period expired) that it was just a clone of a much cheaper card. Obviously I cant sell it on Offerup or Facebook because it would impact my rating when the customer finds out it was a scam.,0,0
"You could but the city doesn't offer a lot. It's a blue collar city and you can make good money if that's your trade. Tech sector and other white collar jobs would be nice. Most companies that I want to work for are in other major cities, Austin being the closest one. Not to mention... people don't make a lot of money here. 

I like the city but it feels like it's stagnating and everyone is okay with it.",0,0
Facebook marketplace,0,0
Praying for you and thank you for doing what you do. I‚Äôm a sleep tech and I feel bad about complaining when screening patients when you‚Äôre either witnessing covid patients or will be soon.,0,0
"Cherrity bar. It's a ramen restaurant that partnered with a bar. 100% of the money made from the bar goes to the charity organization of the month. 
Go during happy hour and order allll the apps. So damn good!!",0,0
"Found this after a quick google:

https://www.mysanantonio.com/news/local/communities/northeast/article/Cibolo-residents-updated-on-proposed-toll-road-12553557.php

First I've heard of it.  From Cibolo to I-10?  Sounds like a bit of a waste of effort, personally.  Maybe South Central TX will become known as the bankruptcy zone for Toll Roads...",0,0
"Not from San Antonio, I presume? They wouldn‚Äôt even make a report for my stolen car because my uncle was the registered owner and he didn‚Äôt live in SA. We tried via phone, email, etc. They just kept saying he had to physically go to SA to make a report until we gave up.",0,0
I‚Äôve tried every and G-Tek 33-G125 is my go to gloves now. I‚Äôm a essential worker in retail and I‚Äôm also immune compromised so I need to have them on whenever I‚Äôm out. It‚Äôs breathable and all I have to do is to cut off the index finger tip so I can use my computer and tablet. It‚Äôs all good.,0,0
"Seems like you live under a stone or so. There is this Facebook joke that it isn't true if it isn't on Facebook. So most people would just have showed a funny drawing or so, but unfortunately I had to explain the joke to you.",0,0
"Ha!  Probably a couple of nut punches!  Just checked my notes, looks like it was about mid 2012 to early 2014.  I came onboard right after the Rackspace migration, but old ass server still in production.  I mainly set up a bunch of MacBooks (running dual boot Mac OS and windows for a specialty program) and kept the server on life support.  I'd like to punch the guy in the nuts who setup the Rackspace sync drives on all computers on a fractional T1 line internet!  Took a year to convince them to get at least broadband.  Another funny problem I had to fix when I came onboard was windows computers not joined to domain.  You didn't do that, did you?  :D

So... do I get the beer or nut shots!  lol.   (Gotta love non-profit work, right?!). But these peeps were the best to work with.  Very funny and witty!",0,0
"IDK about all this, but I listened to Lisle &amp; Hahn on a regular basis in the late 90's and early 2000's; and I loved them.  Sorry to see them go, but apparently there were problems with programming that I'm not aware of.  Best of luck to those guys.  

I hope that they didn't get dropped on their asses - the letter kind of makes it sound like ""they came in, did their jobs, and got fired.""  It would've been nice if, after 19 years, they could've had a 'goodbye' show.  ",0,0
"I switched fro Spectrum to Google last year and will never go back to Spectrum. I‚Äôve had one outage in that time, but it got fixed within an hour of my calling them. Spectrum‚Äôs service (internet and customer) was awful and I was paying $30 more per month for slower speed.",0,0
"His post is caught in the spam filter, but you can see it from his [profile page](/u/SAUrbanFarming). Here is what it says:

&gt;I first learned of hydroponics while in high school, for an experiment. I grew 2 sets of tomatoes and lettuce one hydroponically and another in soil. The set grown hydroponically outperformed the set grown in soil in both size and overall yield. That was several years ago. Since then I have designed and built my own hydroponic systems, I'm by no means an 'expert' but I do have experience growing tomatoes, cucumbers, lettuce and other produce with great results, using my systems. A few examples here: www.facebook.com/saurbanfarming",0,0
"My experience has been great. There‚Äôs technically a data cap, but as long as you don‚Äôt do a ton of online gaming, you won‚Äôt get anywhere close to it. Also had to get a new modem at one point, but they were quick about it. 

Obviously Google Fiber is going to be faster, but the 60 Mbit/s I have right now is more than enough for multiple video streams and web browsing, so I‚Äôm saving about $30 a month from what I‚Äôd be paying for the cheapest Google Fiber plan.",0,0
This right here,0,0
"I will generally post these Monday, Wednesday, and Friday evenings.

Source: [DSHS](https://www.dshs.texas.gov/immunize/covid19/COVID-19-Vaccine-Data-by-County.xls)

Resources for getting vaccinated:

* [State vaccine sign up](https://getthevaccine.dshs.texas.gov/s/)
* [List of hubs](https://www.dshs.texas.gov/coronavirus/immunize/vaccine-hubs.aspx)
* [Provider map](https://tdem.maps.arcgis.com/apps/webappviewer/index.html?id=3700a84845c5470cb0dc3ddace5c376b)
* [VaccineFinder - Find COVID-19 vaccine locations near you](https://vaccinefinder.org/)
* [COVID-19 Vaccine Spotter](https://www.vaccinespotter.org/)
* [https://www.findashot.org/](https://www.findashot.org/)
* [https://www.texasupdates.com/home](https://www.texasupdates.com/home)

Also, u/shiruken created [this site](https://covid-texas.csullender.com/vaccine/) to track the progress in any county.

All vaccination numbers are recorded by county of residence, not county where injected, except allocations.

**Herd Immunity**

One of the most common questions I see is ‚Äúwhen will we hit herd immunity?‚Äù

I may be an oddity, but I do not think it‚Äôs an important number to focus on.  Here is why.

Herd immunity is not the end of the outbreak, it is the turning point.  Mathematically, herd immunity is defined as the point when the number of infected people begins to decline.  But infections will continue to occur, and people will continue to die.

Herd immunity is highly variable over time, and it is very dependent on our behaviors.  If the public completely locked down, isolated, and wore hazmat suits all the time, herd immunity would be a very low threshold.  If the public frequently attend large, packed gatherings in enclosed spaces without any protection, the herd immunity threshold would be extremely high.

In fact, we‚Äôve already achieved herd immunity a number of times as our behaviors have varied widely and infections peaked and then declined.  The three easily visible peaks occurred in April 2020, July 2020, and January 2021.  We‚Äôre now seeing an uptick in cases, probably due to relaxed behaviors, and despite the vaccination efforts.

So, rather than focusing on a very hard to measure herd immunity threshold, I think it‚Äôs better to focus on seeing cases and hospitalizations go to zero within Texas.  It‚Äôs an end point, and it‚Äôs much easier to measure.

To that end, I have added a chart that shows hospitalizations in Texas, as well as a trendline derived from the last 12 weeks.  The title shows the expected number of years to eliminate hospitalizations in Texas given our recent trend.

These time projections can change significantly and rapidly, so don't expect precision or consistency.  Just watch it on a regular basis and over time you should get an idea of the potential time range for eradication.",0,0
"Yeah dude, your wording's awkward, suggested edit:

&gt;Google Fiber is no longer a possibility *but* a certainty",0,0
Hope for [Google Fiber](http://www.quickmeme.com/img/e0/e0d439722da50c206a95dd60007066988c55cc90b64219f2de296a423c12f017.jpg),0,0
"vegan avenue, project pollo, thai vegan, viva vegeria, plantology, righteous pie, miss chickpeas, hash, and so much more!  

my favorite omni place is dog father so many vegan dogs plus their chili is already vegan friendly and they have a vegan queso blanco making their chili cheese tots/fries the best thing on the menu tbh. they also have a vegan impossible burger that i tried for the first time the other day and tbh it‚Äôs the best i‚Äôve had not including home grilled. thai hot on culebra can make practically anything vegan same with many other asian restaurants. panda brothers/bamboo is good take out. chuys has lots if options too.  mellow mushroom and pizza classics for pizza and wings. hu hot is great for a build your own bowl option. 

there are endless amount of places so i‚Äôd recommend the happy cow app it‚Äôs the best resource you can have. also join us over at the ‚Äúhappy vegan san antonio‚Äù group on facebook. we have a whole google maps thing with every restaurant in the city and what they offer. :)",0,0
"I had to do the same thing last year, only my car didn't actually need any repairs to pass inspection. You have to apply for a Salvage Title from the state by mail, then bring that title and some additional paperwork to the main Tax Assessors office downtown to get your rebuilt title. I'm on my phone right now so I can't really link but I remember the forms all being easily available online.",0,0
Did you know fence contractors are rated and reviewed on google? Most even have user submitted photos. Nah.. lets just be lazy by asking reddit.,0,0
"That is so much BS I dont even know where to begin.
Castro had NOTHING to do with google coming or going 

IF it does happen it wont be while one of the current candidates are mayor.",0,0
Join The Unrelated Rave Fam on facebook. Start a meetup like at Brass Monkey and I'll go.,0,0
"Was thinking YELP, but just checked and they are at a 4 on there too. Sometimes there is a big disparity between yelp reviews and google reviews, but this seems to be spot on.",0,0
"If that's what you wanna believe they're out there prioritizing, I can't stop you.   Maybe the local news Defenders, a viral video, or some bad Yelp reviews to pile on?   Good luck üëç",0,0
A women via Facebook I connected with left it on her porch for me. They are helping me try and find a rescue to take her.,0,0
"My parents have this and use their own router, the tech set it up for them when service was installed.",0,0
"I'm not sure if it's visible in the city limit, but maybe the garage by top golf? I ended up driving to bandera tonight to get pictures of it. I could barely see it with my eyes, although I kept looking at my camera screen and phone.",0,0
An office max or depot.  I recall buying many rebated cheap items when tech was on the move.  This was the xp and pre xp days.,0,0
Have you tried selling on the facebook yard sales or marketplace?,0,0
"It's $3 and worth the upcharge.

Google it.  They have multiple formulations.",0,0
"I think this is pretty spot on.  Around 10 years ago I had left San Antonio to go to school in Austin and at the time San Antonio couldn't hold a candle to the type of young urban life someone living in Austin could have.  

That's all changed I feel like over the last 5 years.  Even after I came back to SA after college there wasn't much to do in San Antonio.  Every bar seemed to be located in a strip mall.  Their weren't as many running/bike trails.or general events that weren't typical old San Antonio traditions like Fiesta.

I feel like there's been a cultural renaissance in San Antonio as the inner city has been revitalized with redevelopment.  It's good to see because in my youth downtown appeared to be dying.  There are buildings with beautiful old architecture that at the time were just sitting in wait to be condemned. There's still a few of those but I've seen some renovations recently. Youth events in general have increased not just geek events, but music festivals and craft beer as well.

Tech jobs in San Antonio are still lagging as Rackspace hasn't been doing too hot lately. Other areas in tech in San Antonio seem to revolve around DoD military or healthcare.  It's still improving.

I ended up in Austin for tech, but visit San Antonio regularly and see all the changes that have occurred.  My career and future is most likely in Austin but I would love to move back to San Antonio for the culture that's been revitalized over the last few years.",0,0
"If she is attending a university, she should register with disability support services at her college in order to qualify for accommodations that might be useful for her as a student. Accommodations vary according to the disability but can range from being able to use assistive technology for typing or reading to extended time to taking exams or quizzes in a testing center rather than in the classroom. 

There are many tech platforms (including Google Docs) that have speech-to-text abilities that she could use to compose her own essays without having to physically type them herself.",0,0
"ya, it's a google voice number",0,0
"Arguing that a new technology isn't progressive because the long term effect of that technology is going to cost people jobs is absurd.  However, Uber is kind of a dick company.  They have held smaller cities like ours hostage as negotiating technique against larger ""more valuable"" metropolii (sic?).  They have built their business model on the idea that they are a ""technology company"" (and therefore should not be taxed and governed like livery drivers).  But, by UBER's own logic, Yellow cab, which has an app could also claim it is a technology company and circumvent the TNC ordinances in the city as well.  Furthermore, in cities where they must have a presence, hello NYC, all uber drivers are licensed livery drivers.   
TL;DR Fuck UBER, Fuck Yellow Cab, Fuck Prosaic San Antonio City Government, Fuck whiney OP, oh and fuck those fucking horse carriages downtown",0,0
hi! phone hasn‚Äôt sold yet. could you PM me?,0,0
I'm down message me if you get this going. I don't have Facebook but my Instagram is @haushusbando,0,0
Lemme pay $100 bucks to watch a concert through my phone that I can't even keep pointed at the artist singing.,0,0
"Second Looks

Kid to Kid

Sweet Repeats

Once upon a child

Facebook marketplace

offerup",0,0
Tuesday social ride. Mainly meets at the burleson(sp) yard a little north of  big hops bridge downtown.  Check the Facebook page satx social ride.,0,0
Does the Agency know that Google Earth has satellite photos of the same?,0,0
"Honestly it's much easier through facebook, especially when people do impromptu meetups. Some people also don't use facebook so the sub is easier for them though.",0,0
"https://www.facebook.com/groups/rslash.estrogen/ Come, join us! ",0,0
What kind? I didn‚Äôt see it in article,0,0
"The best $72 a month of my whole budget. On the couple of occasions that the service went down briefly, the neighborhood was quickly swarmed with repair techs and then they automatically issued a credit on the next bill. I have had spectrum and grande, google beats them hands down.",0,0
"ATT gigafiber here. It's $70 plus a few dollars in taxes or some kind of city fee. 

I'll switch to google fiber as soon as or if it becomes available, because ATT is ATT

Edit: I will say though that locally I've had no trouble with them at all. On installation the guy was out running wire from the pole to our house, and took down some old legacy lines from former phone companies and Time Warner when I asked. I figured they'd have to call out special crews for that and it would take weeks. ",0,0
"Up by New Guilbeau, outage less than one minute. Knocked me off my work computer for about 5-7 minutes. \~3 PM. 

It felt like a warning shot.",0,0
"I switched in late December.  I switched to Google Fi because it would be very useful when traveling abroad, which I do frequently (usually, if it weren't for COVID) but there were a lot of things that were problematic when using it with an Iphone and in the end I wasn't happy with it.  It then became an issue when I wanted to return to my old carrier and I ended up trying nearly every carrier before going to T-Mobile, and for that it took hours.",0,0
Hit up Knight's Watch they're a fairly new store and there's always some gaming going on there.  Check them out on Facebook.,0,0
"Whenever i see these people at my door, i immediately pretend to be on the phone start talking loud as if im on some important call while i answer the door and I‚Äôll mouth to them no thanks and they always leave lol",0,0
"Heh. Misread that as the Cryptozoology Center.

Anyway, get a hold of an apartment locator. They're free and will be better able to help you find a place based on price range, location, and desired amenities.",0,0
"Current SAC student who just transferred in January

$99 in-district/Credit Hour (aka Bexar County Resident 1y+), with a flat minimum of $321 for below 6crh; 

$215 out-of-district/Credit Hour (non-Bexar Co., TX resident 1y+), with a flat minimum of $621 for below 6crh. 

Also depends on the type of class you're taking, it could incur an additional fee (for example Law Enforcement holds a $250 program tuition fee). Also a $25 access fee for all SAC students.

There's also possible examination fees you might need but I don't know what the requirements to take or be exempt from said exams are, and same with Student Development Courses that you have to take if you don't have credits with Alamo Colleges. I don't have any word on these because I took dual credit during HS.

You can find it all on the website or with quick Google Searches. However, here are the links for [Alamo College's Spring 2023 Tuition policies](https://www.alamo.edu/contentassets/2f6c12b4852c4059b8f05814eb7f47d8/spring-2023-tuition-and-fees-schedule.pdf), as well as [SAC's tuition policies](https://mysaccatalog.alamo.edu/content.php?catoid=4&amp;navoid=593).",0,0
"We replaced our modem with the newer models that they're providing for the free speed increase. I was pretty excited for this as our current speed was about 10mbps for about 7 devices at peak use. After installing our new modem and being told the speed increase would be instant, we were terribly displeased that our connection did not even break 2mbps. So, we make a phone call to TWC and get some guy on the phone and run through all of his tests including plugging a laptop directly into the modem (we're wireless) with the same results. A tech came out today and said one of the connectors was bad and gave us a different modem. He then said that there was a network/cable outage in our area and that maintenance is working on the issue (78250). Apparently this has been an issue for days now. ",0,0
"Also online. From your phone. I keep it handy should any officials creep by, then I'll buy it. Lol",0,0
"Hey man, the Tech Ridge HEB is... ok.",0,0
My friend has a lot of fun playing [kickball.](https://www.facebook.com/WAKAkickball?fref=ts),0,0
"&gt; 
&gt; Total number of people convicted of trafficking minors
&gt; These charts show the total number of people convicted of trafficking minors in Texas that served prison time between 2012 and the present. The first chart shows numbers for the five counties with the most convictions overall. The second chart shows the same numbers for the five counties with the most convictions per capita.
&gt;   
&gt; *Per capita numbers were calculated using only counties with 100,000+ residents and at least four convictions.
&gt; Note: Totals may be underreported if cases of child trafficking were tried more generally as human trafficking
&gt; Source: Texas Department of Criminal Justice
&gt; Credit: Luke Whyte | San Antonio Express-News
&gt; The attacker, dressed in black and wearing a ski mask and gloves, sprayed the place with bullets. Amber's mother was struck three times, and her brother-in-law was shot in the chest. A bullet just missed Amber's head. She fell down and played dead.
&gt; 
&gt; Miraculously, all survived.
&gt; 
&gt; At the court hearing the next day, prosecutors asked for a continuance. The trial was reset for the fall. Two days later, prosecutors drove to Killeen to meet with Amber and her mother at a battered women's shelter where they had gone to seek safety. Amber was terrified and no longer willing to testify.
&gt; 
&gt; Before the next court date, Williams absconded.
&gt; 
&gt; After about a year as a fugitive, Williams was found in the Dominican Republic. He was brought back to San Antonio in January 2017. This time, his bail was set at $450,000 and he had to surrender his passport.
&gt; 
&gt; 
&gt; Williams
&gt; The trial was held in San Antonio in November 2017 and lasted a week.
&gt; 
&gt; David Lunan, the lead prosecutor, had a wealth of evidence against Williams: the Backpage payment records, more than 330 ads, 26,000 cellphone texts, motel receipts. During the trial, it emerged that Williams ‚Äî while pimping Amber and Cooper ‚Äî was flirting online with hundreds of other girls.
&gt; 
&gt; Defense attorney Paul J. Smith tried to paint a picture of Williams, then 31, as a naive male duped by two conniving women who were in fact masterminds of a prostitution ring.
&gt; 
&gt; Those credit cards and gift cards and multiple cellphones found on his person? Williams was simply holding them for Cooper, who suspected Amber was stealing from her. The damning evidence on his own cellphone? His phone had been ""merged"" with Cooper's as part of an upgrade.
&gt; 
&gt; That online flirting with other girls? He was a man, and ""that's what men do,"" Williams testified.
&gt; Smith asked Amber on the stand whether Williams had ever twisted her arm or tied her up. She said he hadn't. But under state law, physical force isn't required to prove a defendant sexually exploited a minor.
&gt; 
&gt; When Williams testified in his own defense, he said Amber had come onto him, not the other way around, and had told him she wasn't a minor.
&gt; 
&gt; After the jurors found him guilty, Williams appealed to their mercy in the sentencing phase, saying he was a church-going man. He said he hadn't done anything extreme, like ""rape or murder.""
&gt; When Lunan asked Williams if he thought arranging for the repeated rape of a child comported with Christian values, Williams said it did not.
&gt; 
&gt; Lunan asked the jurors to sentence Williams to 40 years.
&gt; 
&gt; The jury came back with 50.
&gt; 
&gt; Williams is now a prisoner in Beeville. He is appealing his conviction and declined to be interviewed for this article.
&gt; 
&gt; Number of people convicted of trafficking minors by year
&gt; These charts shows the number of people convicted of trafficking minors per year in Texas. The first chart shows totals for Dallas, Harris, Bexar and then all other counties and the second for the whole state combined.
&gt;  
&gt; Note: Totals may be underreported if cases of child trafficking were tried more generally as human trafficking
&gt; Source: Texas Department of Criminal Justice
&gt; Credit: Luke Whyte | San Antonio Express-News
&gt; Cooper, after entering into a plea bargain and agreeing testify against Williams, disappeared before the trial and is a fugitive.
&gt; 
&gt; Amber, now in her 20s, lives in another state. She declined to be interviewed, saying she'd wasted enough time on Williams and was trying to move on.
&gt; 
&gt; During the trial, she told the jury why she'd decided to testify. She was done, she said. Done with having panic attacks every time she saw a black Cadillac. Done with struggling to breathe whenever she saw a man who resembled Williams.
&gt; 
&gt; She stared down her erstwhile tormenter across the expanse of the courtroom.
&gt; 
&gt; ""I told myself I need to stop running,"" she said. ""I'm just tired of running. I'm tired of living in fear of you.""
&gt; About this story:
&gt; This narrative is based on the court record of Issac Lynn Williams' 2017 criminal trial, including the sworn testimony of Williams; Amber, the young woman he was convicted of trafficking; and the lead detective on the case. Quotes attributed to Williams and Amber are from the trial record.
&gt; 
&gt; The evidence includes emails and text messages between Williams, Amber and Williams' then-girlfriend, Deborah Ameia Cooper, as well as online ads promoting the women's availability for paid sex and the gift cards Williams used to pay for the ads. Also in the court record are Amber's handwritten notes describing her life under Williams' control, including the prices she was to charge for various sex acts. Amber ‚Äî the name she used while she was being trafficked ‚Äî asked that her identity and current state of residence not be revealed because she fears retaliation.",1,1
"Even the 911 center for the city is hiring now. Starts at $19.27 for call takers. All you need is ged or diploma, one year of experience with the public in person or over the phone, can type at least 35 words a minute and pass background check. Even get paid during classroom and on the job training. But honestly everyone getting hired now will probably get placed in afternoon or night shift with no weekends or holidays off due to seniority.",0,0
"SAPD doesn't enforce any laws besides speeding and sometimes DWI's.   
In cities like San Francisco they on a regular base enforce red light runners, they stop people for being on the cell phone at all times and even stop people that have a out of state plate.   
SAPD should be able to do the same especially the vehicles that are out of the country as they in many cases don't have a Texas registration or insurance.    
    
Unless we get a new chief of police, this won't change anytime soon. And if we ever enforce these things, accident rates should go down by 70%.",0,0
What do you mean the store bans them?,0,0
"I won a free holster in a Facebook giveaway, wife won some stuff from her favorite author on Facebook too, nothing wild but still neat.",0,0
"The Guadalupe River in New Braunfels has a few campsites. Google ""River Road Campsites"" to start your search &amp; visit their websites!",0,0
"[https://docs.google.com/spreadsheets/d/1HOm5gc-3WZqDacxUGiwWIRg9K3Mq-cCvmOCn3msMYeo/edit#gid=1413245885](https://docs.google.com/spreadsheets/d/1HOm5gc-3WZqDacxUGiwWIRg9K3Mq-cCvmOCn3msMYeo/edit#gid=1413245885)

Pending dropping, active listing and price reduced rapidly climbing. Looks like the bubble is popping with these high rates",0,0
Okay that's what I was expecting but it didn't really specify in the article whether it was all over the phone (it's what I expected),0,0
"My favorite mispronunciation of New Braunfels comes courtesy of my phone navigation: ""new bra-OONS-fels""",0,0
